id,title,slug,description,priceCents,currency,rating,images,stock,category
,Cotton Crew T‑Shirt (Men),cotton-crew-t-shirt-men,Cotton Crew T‑Shirt (Men),59900,INR,4.6,https://pixabay.com/get/ge1c6c45afa86293c8603f9e4f71b4527503571de77197a96ede95ba6e342a95f6ebd344981d09ac4b0d738c1121843fd0c66b51d5f24b9657de9d86d0a1a9cc1_1280.jpg|https://pixabay.com/get/g71c194703c5aa56f0601bcb84f47b7547c76a1ff59bbe8ba41ac27faf4c14b524e78ec072ddeefac244af28de9a787243e16c70fa5b573dbce7b711887081b36_1280.jpg|https://pixabay.com/get/g0c56d9916a23b2003f583cccb9302c5524a43be8315f6b1f632b8a092830da4951febc093e2e707db0bab0b93392e9e82304161d268ca82ecb3c2f21528f5d0f_1280.png,13,Apparel
,Polo T‑Shirt (Men),polo-t-shirt-men,Polo T‑Shirt (Men),89900,INR,4.7,https://pixabay.com/get/g0fe79b3d09a88fbb8deb3193292dcb7fd7beb9236041b1942d7b1cec8d2863f6d2d43b2436f57d692f22b07872b12980b0e84e8265abad7d059d178049c42e40_1280.jpg|https://pixabay.com/get/geb7802cbcaea38d22ee6f18b16cbd8f520f2b3abbbda93ee7b5556d9749ccf8a1a16314acd05dedea4f30646a9163c45806f2841627274da77ab50ad5dd4d35b_1280.jpg|https://pixabay.com/get/gb86fd1e36ecec60bb0be9a0091b4586617b4dbc95d2f05d7f9396233ce811050fba6ab8d103092bdd6a67860ffcd1d2ea310cfa1fc0c6925f5146cbcc488599a_1280.jpg,41,Apparel
,Denim Jacket (Unisex),denim-jacket-unisex,Denim Jacket (Unisex),249900,INR,4.3,https://pixabay.com/get/g56240c5a6cbbe53a05c2826ae0f2be2f0a4daa3834f479a7cb1512467b73c2cf40e078b65956646950bb3bbc26ca387ad81467da28f17a381e21759f518c3427_1280.jpg|https://pixabay.com/get/ga9c6c1f1f88c191f0f1fc1a6464890b42cf12a47df0b2e5736497c8f0b002619aba574ce2f5c6e9c9c57bf579ab780182ba4b1ab1716f1038be648628dd21b2e_1280.jpg|https://pixabay.com/get/g7fa4b3de143af10bc73996a74cf35f603754d0eb156825808429de7711527986bdd8fdfece47d5ae7a1d8183b7633dbcc5e2928b1c751658e52b3044e94d2ee0_1280.jpg,104,Apparel
,Hoodie Fleece‑Lined (Unisex),hoodie-fleece-lined-unisex,Hoodie Fleece‑Lined (Unisex),169900,INR,4.2,https://pixabay.com/get/g29089829a63bf1dfc4b803a38505e17dc4573f2bc98e54a481e2a0cd3d75fc3542ef983fc84a04bbef6a0f3bc5048823_1280.jpg|https://pixabay.com/get/g3516393ec17fcccf120f21bee7198101cf63c46aaceba9a7e1883cd7bc363e4adb4b46d39f5796f72c6ff9ce21131d9410f627c2f617c8c074fbbbf45e2af997_1280.jpg|https://pixabay.com/get/gda745002ed8ea3a1528231ddd86cce2ae732c0cec8be9f0c314678536fd2c9420402d52121b9e5460a50cdf4c831da044d57c66d5febfd48e147a7af22fc3216_1280.jpg,104,Apparel
,Kurta (Men),kurta-men,Kurta (Men),149900,INR,4.8,https://pixabay.com/get/g383eb04d8d81603fccc1f94b9aafd83008e493d53b50a4ec694598712ab37550e2abf7a1bf514f2979d732d1932ea901dcdb04686a458c5c6795190e4783f0b0_1280.jpg|https://pixabay.com/get/gb01038d174feb3001e3391f92c471f6fe8c82100301815c26f16e4d0d1d684ecf11d8d9980e13e2f7ff4a4e1ff4d9ff6534a4f8f805bd4a128a63c8e79d95e73_1280.jpg|https://pixabay.com/get/gd57679d31002af17e86b8d7e7103df904aa0d420182cbcd251ecb6e36cf8d5dd24111423207113edb4e57affaec7f1e5d051300ec3e70037c80db3c10decd0c4_1280.jpg,21,Apparel
,Silk Saree (Women),silk-saree-women,Silk Saree (Women),449900,INR,4.6,https://pixabay.com/get/g61e1e83fa6cfdcda1f34ea2e5fa205176e34e9a5f4f12a284c598ba44635a791a1e10bb8320baf9b2bb38d1fef701fb0f73a03ce36815114cfa93955f34b0edf_1280.jpg|https://pixabay.com/get/g352797b136dbd69d75d2f21c16000e067840d4053d43282cb5dba9fb67d359cc338d2ee9dbade8df66267e371cf5d9ba43fce86ab7ad7e9086d73af5474b6737_1280.jpg|https://pixabay.com/get/g337b481367e2a8c4219ff1e728f2bdcd764736009dd95de708958c6ea8f2a852a02845c485ef9775271fce3a512a4e5f8db07ccfd8da9c84b9a6e0865c42eae3_1280.jpg,14,Apparel
,Formal Shirt (Men),formal-shirt-men,Formal Shirt (Men),129900,INR,4.1,https://pixabay.com/get/g7ec461531bbb88c6d643601d1acd5d03909b58b9a19021a58956f05118cf7ec1389ec93b004e38450c3fa98af9dec07020371477c87ce271823ffff15b185345_1280.jpg|https://pixabay.com/get/g9191fc84e39caaf5f44e28e7dd4f0e4098ec995db6538c02cafbe5ad69682bedc7a0a320d29573c99fc76eefb09e836681ec258c09d80144072b8ebfba74398e_1280.jpg|https://pixabay.com/get/g63cd1f0bcf63a0277e3ec0c810d1996373b44aa2a288d1556c43ada404d98698f2c7dee4903ba94b51cd3bbe0d9743a29329d91fd5caaad6f3b87bb3e021a148_1280.jpg,37,Apparel
,Straight‑Fit Jeans (Men),straight-fit-jeans-men,Straight‑Fit Jeans (Men),199900,INR,4.3,https://pixabay.com/get/g6067e89f2b05eccbd37543e7ca3852a57ba7b0ef40126c94ea970ecec4508b72e41b6b7efc4239008e653df643974ab4236dee57a418bb4a39a96fe1ee1983bf_1280.jpg|https://pixabay.com/get/g363b0bf6db9b56ba8ebf5f3143c7c842ea3eeff4f28d4fecace1204b4df998c1e57e1234678d52c4ed1109f22c9bd19c35e41ac9d1afbaae458e31fad5140bf1_1280.jpg|https://pixabay.com/get/ge9d5312019340443e384ede16c4f21793b9031b961407c65ec0bf6520200269a72a34875eb60f3615a6396a7c206b8cf068397d0d3afb9d99289ec07ce54d1e8_1280.jpg,87,Apparel
,Activewear Leggings (Women),activewear-leggings-women,Activewear Leggings (Women),129900,INR,4.1,https://pixabay.com/get/gc712a993486ccc4de407dca908bd29666622dc2b61904ac66def0ca03c26c06882cb031b5771f78a03afc4cf454f94f037ab531151f0b15fa5651dc8b7549777_1280.jpg|https://pixabay.com/get/g00df76e8f16eb1216141e57832f27083d130f58b8683a0071bc0410e7fd482edc13f604f321ccdda24542a92b692aaaf0efae75e13f0b22779dc4891be2ee61f_1280.jpg|https://pixabay.com/get/g5728b078434dd0bf4a6a45f03fd42db1bc17adc3cfda51ee08dd4f66a7ae2edbe311a70ccdf4e7448701fa577af1381cdaea7c0652561b04b71268324b468f60_1280.jpg,35,Apparel
,Summer Dress (Women),summer-dress-women,Summer Dress (Women),189900,INR,4.7,https://pixabay.com/get/g955d6135b4e086f6e34ca944120403941085f2a7b4bdd4600fe1162faf2b9e894d3b03666b406d4616a7660a178a3e264486e183f7e62231c8d8b7ba1578d1d3_1280.jpg|https://pixabay.com/get/gedb288e323952881763844af458de9abc216f68ddee3cd788a1ece4ee8295df2740e021778cb6945fbc387a0888184dea22117ae59c5a07f8865dad0f5498442_1280.jpg|https://pixabay.com/get/g14a976262e6ec93338be3f1a3d6cbf415542a546f0b7436eeec7f8da26106226100a0cacdc0f348b4f35951e024996726e3ddd52440f3b3158b3997ab4c0238a_1280.jpg,99,Apparel
,The Alchemist (Paulo Coelho),the-alchemist-paulo-coelho,The Alchemist (Paulo Coelho) – paperback,39900,INR,4.5,https://pixabay.com/get/g8a4d1e2a6e7201b4917aeabd410e395789c534de085729950ea7b801c053273a5f682830d887c5c004ed9efa1a4ba2bb3645e970fc06388275dff4434936ce9f_1280.jpg|https://pixabay.com/get/g9711388ec03adf82344b1c8fdc20d3ad4968b6d8ec5eb8c2522c1bd19715d09975900330d4916e9dfd5c0fa4fad4c6c6bfc9c01f5aa9af920fdb8c5056408dee_1280.jpg|https://pixabay.com/get/gbad98a2a87bde6f875a3c85e348b30e15f0ad7ecafa231f89b78f0867bb88a20db83012397fdd31eac8fb3612ee815fb9f4bb652cfc508ef8d0d63e337b3f2b2_1280.jpg,38,Books
,Atomic Habits (James Clear),atomic-habits-james-clear,Atomic Habits (James Clear) – paperback,59900,INR,4.5,https://pixabay.com/get/gb8cc7994f369fb6b5a5133e21081b1889101eb142a8cb8e1db5a8e45386de390dd26763ee7644a638bef958bbe67cd4ce9efcc1dae00773a887d29c5ec97f4ad_1280.jpg|https://pixabay.com/get/gf876b1a30f881055eef8945c076c9edced62501a31b7b16bdb2d6d21ece9f45ec3c6fd222e7c3c36c2187c0af7c49a5ed31472801005218811d1fc4eff14d677_1280.jpg|https://pixabay.com/get/g64a047649b5287c3a2f1bd148d591e73ad66648bc1cf9640b0dc9937e4c93c847769ea3e0646438096a966f285ce46994d3b7660c08d32ebe3600066c8882c6e_1280.jpg,45,Books
,"Ikigai (Héctor García, Francesc Miralles)",ikigai-h-ctor-garc-a-francesc-miralles,"Ikigai (Héctor García, Francesc Miralles) – paperback",39900,INR,4.7,https://pixabay.com/get/g9dc9bf9678b1e927f87a6c51269b63caafa1794a052f7af8fe3bf6d7d316cc48f7f3036bed715de30cb630783ac21a5012de6ddc3b632fb5c6f750bb4f4fa8b5_1280.jpg|https://pixabay.com/get/gc8ff8a2c923a683d9d63b3d2ab80cde16ff3ab717fae4b3702c5945eb5fcce5331e67ff96eb526b033549aa171589a066e6d07f5b25ed3ed693d3d9a12f5c417_1280.jpg|https://pixabay.com/get/gcad06914212a5a9f362c6f2275a49cbfe3bf1375a489c43745544ca571779c9b3e55a6701e345a06a6b0f753fed39eacbffd69f044b716478c501a991e0e9677_1280.jpg,10,Books
,Rich Dad Poor Dad (Robert Kiyosaki),rich-dad-poor-dad-robert-kiyosaki,Rich Dad Poor Dad (Robert Kiyosaki) – paperback,49900,INR,4.7,https://pixabay.com/get/g264fecc3b7f16ab4c628ef161bd56f78c05a47e63998e63002e862fb7aa5552ed0e37155ae86e5b352916507234a1ddb_1280.jpg|https://pixabay.com/get/g6c974b49fcca327306361ee5d2993a0f9cfb8d720ff3514bce4dcf0c9080bd6873e37a85fab3a492ff08dca7032b3fc71b428b8268f34e16590f54cd3f764244_1280.jpg|https://pixabay.com/get/g5d827acd696888c9842a191d91efc5f7cca3a646badaf57adfd5f0387a0b4ec686fde1504d19c6bf7331cbbd8d33e5b1bd15e4bbbf4a736250243951efbe89ab_1280.jpg,30,Books
,The Subtle Art of Not Giving a F*ck (Mark Manson),the-subtle-art-of-not-giving-a-f-ck-mark-manson,The Subtle Art of Not Giving a F*ck (Mark Manson) – paperback,49900,INR,4.7,https://pixabay.com/get/g7a05ebb397627a044c31e54e91d3c13823db3630a6997dcdf23f929a197e8db9d587772f22a6863427500d70fff5151acb03377c91d779e6c9037bf016cd66f6_1280.jpg|https://pixabay.com/get/gfb267e6417777201160cc4d76be662e97e0232d9373be1c28e18ebec656e2f0dd44b57f627aa135a1a7cf9b44d2715653a11b53ddb98613e7a3f69a57327d901_1280.jpg|https://pixabay.com/get/ge483eeacfff1c544e76c345a62d3de4f1d58e06492577379590dcb9fad1498793b3d7fb4c31f05294b9219a24843d403cc7f207fcbc8f4a07f7350f6041147e7_1280.jpg,53,Books
,Harry Potter and the Philosopher’s Stone,harry-potter-and-the-philosopher-s-stone,Harry Potter and the Philosopher’s Stone – paperback,39900,INR,4.3,https://pixabay.com/get/ga5e762783ec95ba7e7f3b863840e8b941baeb77a7d268f715292eb0e14576b34540ed1a887f97a9f65e91676fea36ff91dc7510bbc9c14fa40695d2cf5c27cec_1280.jpg|https://pixabay.com/get/g7dfd2c7c5e871898c7e8113d7c3fd3122fb6f481d5d86d9f395edd5534732860d30b48661d5f682d4ca6f06ab5e7b811b840a24b9dc1ca7711e0201b82828cc3_1280.jpg|https://pixabay.com/get/ga026e0f08a11ffdd08c6d7756ee6754402fe3d54d6142fc7ddf2ed8b6ef989f6a2bd4f85c5b0fd4e55af67c585611eb836d5ba6b482ed4bea8d3872818a08215_1280.jpg,37,Books
,Wings of Fire (A.P.J. Abdul Kalam),wings-of-fire-a-p-j-abdul-kalam,Wings of Fire (A.P.J. Abdul Kalam) – paperback,49900,INR,4.9,https://pixabay.com/get/g1c9e93bea2069b6793d8cfd277ce28a8a56a1d6afb43e5e3e83b3f50643c3e7a585527a44077c783aaba507e1c14b6acd081a721acaa14b54646db1a92b88cfa_1280.jpg|https://pixabay.com/get/gb70599159dd54b3dc4f38aafe4ca3556d20f55da32dcf63e2e25c2c3789b924f43ef84c94bd482b6b0db55f50fff918052a478c6981d5062fd23df25f5779d0b_1280.jpg|https://pixabay.com/get/gfa314bdc20bd463deb3edff7cdeac526a98fec4d2713356038dca2a49a6aac016a53f01f0b4222facaeca2df9094272614e3fcf9ff9da2825ac2041330724204_1280.jpg,53,Books
,Chanakya Neeti,chanakya-neeti,Chanakya Neeti – paperback,29900,INR,4.2,https://pixabay.com/get/g73c3a6cff53d06ed7417a69a6f1c4776f68299811c89dee8f6da11c208c3c8e49286a3f3e779698d882affb14c1f7fa009e41cf04a4c205695ebece7ba984536_1280.jpg|https://pixabay.com/get/g28f38312ddf95859dafc4f5dfe1036966ad15618e4dc3e41ed52e97c6a8fb51995ffe0575db5e00e53e6d2e018155007276c95511f6178e9845e044bbe7fc418_1280.jpg|https://pixabay.com/get/g7329788c11a7ba10cf8a667ad94ad4a1e3b115cc43a686c29fc3da861085f7f535e855d6a213516a382d6f97f42d48ff69338eebff3fb97dafb95d5ed7a4c682_1280.jpg,58,Books
,Sapiens: A Brief History of Humankind,sapiens-a-brief-history-of-humankind,Sapiens: A Brief History of Humankind – paperback,69900,INR,4.2,https://www.colgatebookstore.com/cover_image.asp?Key=9780062316110&Size=M&p=1,118,Books
,The Psychology of Money (Morgan Housel),the-psychology-of-money-morgan-housel,The Psychology of Money (Morgan Housel) – paperback,49900,INR,4.4,https://pixabay.com/get/g9060d73cacea1433252846756e5463fb652b97e2f9d754598060d10b9d23fec223cb0e1e60962e4facdb7fa43efcb809c24f07df2774f45b11c8bb1c891fb95b_1280.jpg|https://pixabay.com/get/g91dbbfe661645c79531c8290611528c3ff09bfc8fe0ecacddd5a3754b5a5318d39f756e5bb53758c3f30d6276844fa80c965b5b117e2b02b0030edd45676a2d7_1280.jpg|https://pixabay.com/get/g4abe16ce805b56d2fc8311f356a7e3e008361ce531269abce0db8a347dc0367f0b5d3783b34ff5eb259c3c81546b23b44c2bc716fb256d29d89b8d8f35cee93e_1280.jpg,43,Books
,Apple iPhone 13 (128GB),apple-iphone-13-128gb,Apple iPhone 13 (128GB),5299900,INR,4.7,https://pixabay.com/get/g1c8e5d5fdb40bb213a9e9c6b3e64efb5de46e3422bca6f2877f8d74d7a1d68efd0832c0cf8840c41215c576e8c1d0dc34d92126ded5f626ab2604256e8cd281f_1280.jpg|https://pixabay.com/get/g629c46bec53fffa70bcff9ab7b53d0fc347cb2451744eefc8328d8384f5db8add393d0f87e4acc9931c69c284b97a0631dfd9141c29e65175ab8f6e9a8b2ec15_1280.jpg|https://pixabay.com/get/g8aa2731e9f5903e1152e69ceb686909b729f4ddeb6061088e2e8e87ae88ede7878892db1d73af48f9fac24e123f27b729fe9dabcced3b435af2d2e2b05885f8b_1280.jpg,103,Electronics
,Samsung Galaxy S23 5G,samsung-galaxy-s23-5g,Samsung Galaxy S23 5G,5699900,INR,4.5,https://pixabay.com/get/g71c11aec35cf62175d40eeedb02248b8bfa285a0917f2414753058662469abc7b6e1db8e65eea51c1136e54b161194942f4f14b47512992e762e232b0a327c3e_1280.jpg|https://pixabay.com/get/g4f6f2243592455f9841da83300e0bd1faa548cf92d63a9625ac3e0c8c43e129d2c4108cd568cca48107a9f115e05bd34ac74e57de8c5a6d6c79b14787239a961_1280.jpg|https://pixabay.com/get/gd4e892b20f219b839fd4c4f9f05f6f309b495a8e8aaa465d840c82c26423344f2f95fe636a0b17cc08ec34cdf9fd0c39b95b80c512485cf95b9116187a4c225a_1280.jpg,25,Electronics
,Google Pixel 8,google-pixel-8,Google Pixel 8,6599900,INR,4.9,https://pixabay.com/get/ga1cf0e73747acffd994453ce7bda0ee9b9f4115c76ee62c28ce005a3d120a2ff81fd97b2001c1f379a592d506d9a7bd0de74d58344a8ba4541fcc68fb82efc1d_1280.jpg|https://pixabay.com/get/gb1cf834785b8a93c10d0a7ff730f323ce1413da72c5805fc5aed797e3ff960f8ae6950952427eb00c64af2ac57c7a90e0bfd7bcb78e1dddbf080755ade1620dd_1280.jpg|https://pixabay.com/get/g28269cd0c967c2572412a3c8f4b4eaa24595d08d2af9050a3c940d6160d54603312364a235e2648011c2660d7bad57327159206b681808e8c790274919cca325_1280.jpg,58,Electronics
,OnePlus 12 5G,oneplus-12-5g,OnePlus 12 5G,6499900,INR,4.2,https://pixabay.com/get/g466c76ad10e60936143c437ef047d92fd3edced3b39f4142d7f4ebb0e8411b231bcf858b79d20c2c6eec8b74001968544ed821c40b1f8eb0da56c5ee32b1ef0b_1280.jpg|https://pixabay.com/get/gbf5f6d1036027222d2d66859d6e59922706661429e312be75338b5765d6e88a4ae82e8f966b0e98c5bc1249ccb11c727554243a81a40dc6b429d3af902f1be5b_1280.jpg|https://pixabay.com/get/g359673c1a190da90f34a70e814aa40122e29b912262a2a3e51abd815bda60b1ca1f3756b26518b02f4b6e8dcae9f72a2f04383ea1c25d62a6d08f04c3717bdc0_1280.jpg,47,Electronics
,MacBook Air 13 (M2),macbook-air-13-m2,MacBook Air 13 (M2),9999000,INR,4.8,https://pixabay.com/get/g9072ec0b7104e76f6b66328ff43d6c3ad022cc19b4fb5aa930eddb5fbc4b15d05e0354a1ad933911e5fe4ac2c00c1fb3aac846ecdc1d72c7fa3b503c6b092922_1280.jpg|https://pixabay.com/get/gdea7ffd0e16bbb79851ebc7ba7f089f5532f4331f3847c7e9d9601a608209616ed7b1488aa01464337e0c31787e84538c8311fd2d2f5a93d9033eae05bc77123_1280.jpg|https://pixabay.com/get/g3ba61d4777e38399bfb61e715219ff6449866660b16a6298dac96859b61efad97e9bc46b592f97691fe9ada64efd12012204a6ee15eb52f97ef728d5cbcac627_1280.jpg,89,Electronics
,"Lenovo IdeaPad Slim 3 (15"")",lenovo-ideapad-slim-3-15,"Lenovo IdeaPad Slim 3 (15"")",4699000,INR,4.8,https://pixabay.com/get/ged4d2bee7beb1fcdf2465855a45a277bb8be2cdcc3f2e4929349b0dd001a6ba18b0170ee7b154f0908778e6b67b1dffdc438be37f78c3fea6e12dfc1112ed62d_1280.jpg|https://pixabay.com/get/g070c7a12e6028e4c1b30fc9bbad423e8d9bf4e953df401c2fc7199e4d99f444ff8fe838008e382551d928d05ae7fd1acc071e99dd124eceea13eb2dfc6474c40_1280.jpg|https://pixabay.com/get/gbb25c834d353fac486451d1aa48445159effab84f08a014a8dcc8bc1c1be1de04f3eedfe396d53908b8bbd1b3084becb320298bd7a8e46bde202c7220b633e16_1280.jpg,56,Electronics
,HP Pavilion 15 (Ryzen 5),hp-pavilion-15-ryzen-5,HP Pavilion 15 (Ryzen 5),5799000,INR,4.6,https://pixabay.com/get/g1176844473924ff556d8e3192a303390751230f2d28ae88c5915ed7a81c6d1d2de5ea7ea947ecef0a9a1ac4be9f289b75b41f2cd06b52a4b7cafd3c1e4ce31dc_1280.jpg|https://pixabay.com/get/g68423a1081aab40f7ecd763072eb21840b1662b69fb59002c1c91472d90bdd6b22fa17d6354d3e25745de0d8e62a30880598084af3d99b5f7156caaac04ffcd4_1280.jpg|https://pixabay.com/get/gdefb759f00bb371d4eaa69539ee927652921b0a9034252d3298b90caf9b5eb0849e2e61eca5250ad8320ff3c9f8797479fabfa3150d6c98d242ec4f00f587b52_1280.jpg,100,Electronics
,Apple AirPods Pro (2nd Gen),apple-airpods-pro-2nd-gen,Apple AirPods Pro (2nd Gen),2499000,INR,4.2,https://pixabay.com/get/g85e62eb31762103419b176b6c259a49e82427bc714c23d65d1c56406d3a88074812b3f9607e3b3b424a6ff3f5146868fc5f76cd969adb258761459a3eae98579_1280.jpg|https://pixabay.com/get/gffeaa69adcc976469242bfa148739d7b64453739346ac1e7e2487f4e8bf21ddde83cc16a737bc1759d51379bafede6f320c6f963e409234634e8aba18d5344df_1280.png|https://pixabay.com/get/g0fbe256705c841c402673ed46a85011ef939ecf116c6ea64b1b49480de69973c4ea35f4cfbf746c160c51c6c26cd9834b05d8ece79acf0e5ae50242e1b1853eb_1280.jpg,94,Electronics
,Sony WH‑1000XM4 Headphones,sony-wh-1000xm4-headphones,Sony WH‑1000XM4 Headphones,2299000,INR,4.3,https://pixabay.com/get/g7b5974ee18b3835bf22400196c684f96f4cf4e6edbe8f34f77f64b77e183bfae8bc72220605c46bf55453e0341ab624db965281ebeae9d3d090233c7dd543df6_1280.jpg|https://pixabay.com/get/g80ca8e1be8ec4cd7885f93ab2a57b70e93461e1d298473147889bbeaad65d61ec8fcc21c9ccf31cda09a12872bba4bb12eb5a262e0e57b0bc97323f8e7b0d0fc_1280.jpg|https://pixabay.com/get/gcc08ce4b13fbdcd8e35c42979ea9e50771986fe2f1491a11105b87678f5837212fd3ecd0016ca227208cdadb7934fe2dc5d2817647e45c0bb5e4cb335154a168_1280.jpg,47,Electronics
,JBL Flip 6 Bluetooth Speaker,jbl-flip-6-bluetooth-speaker,JBL Flip 6 Bluetooth Speaker,1099900,INR,4.9,https://pixabay.com/get/gcb6794fdf3a627371c5fbea5c958db10bdc088f0c1ea0136354788bc604fd04f10f4ea898708126cb5d66fb85e0565dc5116378e8a6bcf0b2a3e276d4b2f570e_1280.jpg|https://pixabay.com/get/g184059c2ac88cce50ce0e1e227d351dab0795f77778a43c6d0871b6b10beb33956e7083fef7cfc7a620fe2e3617da25619a4dc2e0b2c65f820c8e336784a4921_1280.jpg|https://pixabay.com/get/g66f934ce67fe1e1a2cd8e1ff6ffd55d2724130b57508b357c73252b66e34f46572e5edb7d8428d752355f0cce798ef14b272129a6e2f81e6ae1742510607a662_1280.jpg,119,Electronics
,"Yoga Mat (TPE, 6mm)",yoga-mat-tpe-6mm,"Yoga Mat (TPE, 6mm)",119900,INR,4.3,https://pixabay.com/get/g856b4a8371678c2ee79bb8cb1d55ab7fde897be06e5d2304ae52884fb43a0af445b7883162882c203c0ae83ea21279adf64e0309aa735cb658f0cd931b62b79a_1280.jpg|https://pixabay.com/get/g215bab159db503e64b92720337dc2d0ccaeaf80cfb0ec3810e221c7bb7c8d6dca672824a40a92700006dcd110c0ce62cf29c1c214a79e925776b9ee991bfad7b_1280.jpg|https://pixabay.com/get/g0a6cc7538010270a3afd1c9c9e268dde7cd1b5301883e9ff2edf96e2029b233be082f4f74cc7e7d8618e32ba3afce56137d2c34d4d1fe6d9668317c101c3592e_1280.jpg,22,Fitness
,Adjustable Dumbbells (2×10kg),adjustable-dumbbells-2-10kg,Adjustable Dumbbells (2×10kg),499900,INR,4.4,https://pixabay.com/get/gc68d220104a71ba91b7b7ec86b03326f218b73982b5d9e52fb02669488757f063a4330ebe84b2751a497acd5c7aee6f5fac3ad579fd186efeac5ef38e76fb3e4_1280.jpg|https://pixabay.com/get/ga202baa10e2cf1828d4e857728971569534134edbe3eec06eed6dd120a9915a7b741a6935928ae71795109ee9f4d88f4169284905a92a12c60bac4a73c3fb62a_1280.jpg|https://pixabay.com/get/gb110f5dbce22f952a4119bfdea7daa4f80646b8151f220f1a1cc846e2b9f2debe69641709e7442183d09931aa5ff134e591a889efac31ce9132346d1fefc1081_1280.jpg,68,Fitness
,Resistance Bands Set (5‑pc),resistance-bands-set-5-pc,Resistance Bands Set (5‑pc),89900,INR,4.6,https://pixabay.com/get/g17d8601f9ff6908b6abdf9d5fd0e81e77d042f5c43e9cadc853a8b6e862c8487da3538bcc2781da804375dc6d49c1ea84e383f4fcf89c4922b0f566568ae9c26_1280.jpg|https://pixabay.com/get/gd36b35693923813c8a81f007a1d4fbfaaa4a64d841c36087d5514790df820504af4a10b98c90c8cd5f7e8d5a5f21eaf13de2549af26783644882355ec6ddae90_1280.jpg|https://pixabay.com/get/gfad6c441926ad519bebae1f4421648b8113dd531db5ff68354797338604c83830e1bc4b0b7a7008aab513a666d79d5b6dd12d99b5c67746793ee8730ecdcb5b3_1280.jpg,56,Fitness
,Skipping Rope (Steel Cable),skipping-rope-steel-cable,Skipping Rope (Steel Cable),39900,INR,4.2,https://pixabay.com/get/g813e0fe8f5a4e8f5e302cfcce27f41ea2f5ce8346e7f403d7866b094a9c4845ff30e1dc34f9dda7a55d2184c85bfa64f4e5472818ddb977683d4734281d7e0f1_1280.jpg|https://pixabay.com/get/ge27d19b819d31f017cef060dacab23a2ad6d6088874da7d5f972f20242928f20bb4ed2bfef8c255248f8d1790cd4d1bfd9ddcdece20d628728e2c6147a902e58_1280.jpg|https://pixabay.com/get/gaf22e9f9c856243f07c046b1974c618ae6b4777de1bb23ea5a9caf1d4f0701dc560257e9ca5b26dbb2626168fa6e5e0a533b7809d4d0f65c2723830718d5b38d_1280.jpg,55,Fitness
,Kettlebell (12kg),kettlebell-12kg,Kettlebell (12kg),349900,INR,4.3,https://pixabay.com/get/gf0f85dbc4e7d7642d2a6efdf3590541f42e80159870f7a6c6c8c08943c66e5a1e2ca8f6a4e4ce8106a348d08df4639d0eb3be2da43f5e313020efd37287494ef_1280.jpg|https://pixabay.com/get/ga68d064db7192980c30c450d95a0088b04cafc6ea93e6bfc3afd7dce591e1f47c28a1d7a9fbac688856419fabaa2c6325c7de1c0cc3cc49c1459e3fc2ac73d7d_1280.jpg|https://pixabay.com/get/g93c12a3f1a83b7c765567d5c97a919c8051fbbad593410fad7b92d6aa12ebf8598e02501fb3f950ab6205a20eb277e71ed9b18c8cf2674c2d4026cc2b3c265ac_1280.jpg,44,Fitness
,Exercise Cycle (Magnetic),exercise-cycle-magnetic,Exercise Cycle (Magnetic),1499900,INR,4.7,https://pixabay.com/get/g4ec3086133d024a8bc5fd2b26aebacb84acd68bdd38e6418f9e93d30d4770b376f67050c5db08b4ad77fbe155e9833c9fd05a6b58aecb12510676e68438c5f2c_1280.jpg|https://pixabay.com/get/g6f88d5dfeac1653decc8ce0bb9ca98ebaeacbcf1c45c60835dc9d49c88dc0ef7019a28061865b96bdcb1cdc5ebeb49c7b9ea450d6f8d1248c8b35292b1163be1_1280.jpg|https://pixabay.com/get/g02a817ca3ea4baf26c3d337f043529ce3a027d27686490fed1f5c520e891ef61af3ba80198adb1a3d5a534136cf7bb5d1f25147d5770ad09bf7a64d32bbac6e4_1280.jpg,97,Fitness
,Manual Treadmill,manual-treadmill,Manual Treadmill,1699900,INR,4.6,https://pixabay.com/get/g253415e03e1b3a8130b0578a11ee6c4532efac9f78d284f8690e5d7278026fbfd131ba3d220804c10ce346cec676bc2f736134d1911379e9344f071aa4847f05_1280.jpg|https://pixabay.com/get/g86e6422ab7925a49f2207ed7e4d73fa011766cd9be1b298e068af5b6f1e94819f609b71b4d58e78265d3512bf88ff10e8c4c1a9906dff7d268725cb4cdbed9da_1280.jpg|https://pixabay.com/get/g8f1929ef602f94b3cbb706504dc95dc168e1e457b4f6211e09e2d6829c378c110ea155116aec5862b64a2a26666bc5e8a222410d7e4fc644a62c4559bf84ae4b_1280.png,87,Fitness
,Push‑Up Bars (Pair),push-up-bars-pair,Push‑Up Bars (Pair),59900,INR,4.6,https://pixabay.com/get/g56c63dd1f34358689e60e265575572426a135b55eba43be7b637dc3e5e245c43ce08773d7a360cb9acab59d44185d02300643feeabf4e90f9530aec84fa51ec1_1280.jpg|https://pixabay.com/get/gd832341474fd21ef3bf06693a9d1e9e0f6f33e24011e8acf97c5f714ad44bb37df5459a593f1bee9d5c8962314802345dd2a4064e27f1a0e0bfe3e6103241f1c_1280.jpg|https://pixabay.com/get/g3654a9742880ddb4239f76a6e416e1f5ac27e141a15628165f7726619d3315fc61ec9d476fd394adee17bb03a25cddf1b231bf0580cac575cb40beeb024b91a7_1280.jpg,78,Fitness
,Foam Roller (45cm),foam-roller-45cm,Foam Roller (45cm),119900,INR,4.7,https://pixabay.com/get/g46d3e66e460ff1733491f12448ea4e5527bcfa5c637821bc739db12bfc3cd455c6dc5b5b7463828f0ac934036e5d2b933754c2b6e826b2dccdd38debed484c83_1280.jpg|https://pixabay.com/get/gcfc759917ae9a8932bb9107f1fd44a87e6321b2d1526e7518669721b23264fc958a26087cda826a9f5bb1ce43c1dec6d01d2498d8c63326b00abdfc2afa9094e_1280.jpg|https://pixabay.com/get/g8e6946522732c5b9d21fd663f86b30df38871fd642b09927d1b569579af8d9b85e27d7a6964ea2f3415f2062ca91bfe5bf27c1a24b1f0c23d1a678d53de26f7d_1280.jpg,30,Fitness
,Protein Shaker Bottle (700ml),protein-shaker-bottle-700ml,Protein Shaker Bottle (700ml),39900,INR,4.5,https://pixabay.com/get/g04a6e114ea443782dbc5f2a01c0f955c3d15f344f2b3395681e69f7f186eb5802dfc8f12088579d178210798d2dcdeca_1280.jpg|https://pixabay.com/get/geb8ae1813fa8cd0f373afc821eaf308881da37c75769569420156921245b768014c3bf1809ae2077ef13478bc6916c8875e106becb2454685c6f0befaad4087e_1280.jpg|https://pixabay.com/get/g4b0a5722a2a19b2aef7438a50b57825be1a92790303b39ced4fca5db13809ec708a5bc371d804ccc1349c6e63efd1bb1e397434c15b64486aa9355ba9640fe9b_1280.jpg,44,Fitness
,Nike Revolution 6 Running Shoes (Men),nike-revolution-6-running-shoes-men,Nike Revolution 6 Running Shoes (Men),349900,INR,4.9,https://pixabay.com/get/g76ae67494ae2facd4c968c837e239aed7fabb04c141add3292c4442dc9bf9524921c3e993080709cadb9fc38faf55ba90fda3537da5d0b5f0047c134901ee3d2_1280.jpg|https://pixabay.com/get/g0987d3fef9011eafe486c99a908258802e4a71b27889bf7c721d4ff621ee8a45f7cb347b20f8e5f2b4dd2835c4a1b37d178307de29d70fab41e68a025d7fc136_1280.jpg|https://pixabay.com/get/g6fe992488e99d049d914a5874602fd0d0b65635e76d5f940b9a42b3fd90eba11da6c080c139cb45712fcb60be428685a0d4a69284f0ab31292b7b486eb932fc8_1280.jpg,91,Footwear
,Adidas Lite Racer Sneakers (Men),adidas-lite-racer-sneakers-men,Adidas Lite Racer Sneakers (Men),399900,INR,4.7,https://pixabay.com/get/g92bc56857a33dbe4de07455ea26c3dc7b350aabf83693a933129e6fdeac4efa1d39979029ae374844b9062b73569ad52bf12e8ab09689a9fe9ba0e5e02d5adbb_1280.jpg|https://pixabay.com/get/g48a1aeb68349778857a610a65c84964918654103c5e2b24f94a1b23d5f49dc2444f3d154827331438574ce346cc8f586f2502fec3f37405fda040dc1758c8582_1280.jpg|https://pixabay.com/get/g63c6bb3800da4b70ab23449f846d19db1e5994543997ab6d629be00657193673cff2004359c3df442184edd489cf2e3dab1c6ef34af114cee285cb9d18792f96_1280.jpg,38,Footwear
,Puma Smash v2 Sneakers (Women),puma-smash-v2-sneakers-women,Puma Smash v2 Sneakers (Women),349900,INR,4.6,https://pixabay.com/get/g6809ef76a95b9bf4e273ed09315662a67583d673072bdca1b2f2b577febbafca5a7fc3fba0f712b3a6d5bfa79b18cb97164cc0ca074dba4d81764d4591744bf4_1280.jpg|https://pixabay.com/get/g89e9e2f8d128f408f8faca484c46c0a8ef5f5c58058a3b68e9384ecf305317ec349d2efe91bfd843b0d9e521e8f4a2d89ee313c87da36129b2f8373849fe1273_1280.jpg|https://pixabay.com/get/g3aa40a1ff857035f9b17c5d2b803ac73925cc982723625a3d99f10539ddab3278ab96bd0aa0985a6cdd29182201e72b65b69761fb4d75c08837bb4d9cc95f442_1280.jpg,117,Footwear
,Skechers GOwalk Slip‑Ons (Unisex),skechers-gowalk-slip-ons-unisex,Skechers GOwalk Slip‑Ons (Unisex),499900,INR,4.7,https://pixabay.com/get/g017d2207b9ccab96cc70a6fa800d63d2fd4b41f21451fc702729ec8cae04a5ab42f2e8b81a97c6e9561ae44fd43d51402628c5178cf35e7d1d2cde51eef11b63_1280.jpg|https://pixabay.com/get/gb45cfd09382adb634ad3f4feef2ce62f9dc58166b1831b89f7ceb87e7358fe46ad833a250a323559fe19205e98a30a26d678fd0bae624b716b7ca2ca6bc6692e_1280.jpg|https://pixabay.com/get/ga8e520c39c5efaac9a5c3c73a6291323c6142595c82d2432f18d62be3c734d2127cb87bc7f6bdec7ca9b1d23fefcf2c859588509bcb51ea4e8c9e991f8364325_1280.jpg,17,Footwear
,Woodland Trekking Boots (Men),woodland-trekking-boots-men,Woodland Trekking Boots (Men),599900,INR,4.3,https://pixabay.com/get/g9ff21ba875520bdf4b5f27ea1aba061bb79cf4fc84b43354e47cde5709569ad77647f15a5afc71216b70ea5988bae50e48c63e7532723ef2647644f855085202_1280.jpg|https://pixabay.com/get/gd66bde867bbe84b433508ddd27449f6a8aae7b15f18fa00b54d734009f5ae84ac4378b56b07bca541574a1a657d84a7b305c6929c414ec4ca4555f758bd3c711_1280.jpg|https://pixabay.com/get/gf53472c1a5ece4e0e889dd4cbe8c4d6e0ebf401bb43b393041a7e7991aaf88bc325a65fd2d6f0485b6942a18276b2ca20828da3ff9fa4c67bff31f16faffb577_1280.jpg,14,Footwear
,Bata Formal Derby Shoes (Men),bata-formal-derby-shoes-men,Bata Formal Derby Shoes (Men),249900,INR,4.7,https://pixabay.com/get/g60e15ed3bebdf58d1364fe6f1b26f99fe5d847ed97380b8cad19184df4573e3458dd998aacf936d8094ee0a8e3ea698d1740093f05ca492fa2f15c151969cf11_1280.jpg|https://pixabay.com/get/g6c0fea6e1c01d3ca55007035abcb4c37e3a4b169502278134c8f10f1253fdb249c1c9a005651ecd3c041369c7efaaf4e3e4fda7484c1699d28ffa7020c688828_1280.jpg|https://pixabay.com/get/g4f8e27fc2ba38dfefaf4a70db359eed4079afeb0cf60987061aa615084f66ea0dbc064a9ece2a49ad8c0ffd7bd03b2c54a687f875a5596cb1131fe6abbe92f7e_1280.jpg,61,Footwear
,Campus Active Training Shoes (Men),campus-active-training-shoes-men,Campus Active Training Shoes (Men),179900,INR,4.3,https://pixabay.com/get/g51e4313c05688baeef3729ba09b8129f46c3117e72ffbc5d7d49698b149bd24fd0f4c6b8c252a97aa6c272dbce5f0ffa954c11e578bbdadd074effce689628da_1280.jpg|https://pixabay.com/get/gf4dee7338fa2d2c4460dee0a1da37c423b3a11ba05879a41f18e72d76e9e44aa9176b6c3745cedc525d5c470274629457d43d617917dc3aace947d9b3335e341_1280.jpg|https://pixabay.com/get/g2d744497c68b785f6bd2e9e74f29c9f447e33085d3af6383bcde6f67ae341e88229115bac61dbd8f75e18c87eb57665ba7b300bcd4846294100ab8d500fe5626_1280.jpg,37,Footwear
,Crocs Classic Clogs (Unisex),crocs-classic-clogs-unisex,Crocs Classic Clogs (Unisex),329900,INR,4.8,https://pixabay.com/get/g335cd51abf776ecf95e25051cbd638fb1f7a211de182609e77d18159237952b42c488b36f15591b1a632c7d871475571acff6d8f3d09c390750c9a8bdf3cf8bd_1280.jpg|https://pixabay.com/get/g9a1976c8a1f666e7fbde2d0727f08a692429bd5126367a70d89a201ca43f73aba500cedcdcb6fb300944293ca37e793c3c5b45ee40b598a613ff5c4e8223b69a_1280.jpg|https://pixabay.com/get/gc7ff0ade3bb27d27a0f67230d756dc56cdb5dca21825c4ca341253491380b47159a6a723384a7e0de67990fc4e2aa44401d157f875b8b18fa4fd09e67eaded90_1280.jpg,82,Footwear
,Red Tape Leather Loafers (Men),red-tape-leather-loafers-men,Red Tape Leather Loafers (Men),289900,INR,4.8,https://pixabay.com/get/g5dfd7b48f3a46b67ba9068c07fc0d8a4dc95808962259f9bd5a4f3312e8f628b3debe5c25fa862d8d71d280fb15032247889572f6400a48d50b55d20690d06bb_1280.jpg|https://pixabay.com/get/g2171b4341db159fb832923277947b70d9f6108b8189450b760d797e55f0c8b9cdb1788e5ae5a8641ec4d0e2932584d0180f41810973151e835b3c742a64532d5_1280.jpg|https://pixabay.com/get/gfbf5954d0f5e9e8f7e0289472a37a77089ddd9e49534efeae621c432879210b4efd1fd25c26031a112cb2872d2af3d7581c8f2c7405a25ee15f5823a3f387c95_1280.jpg,50,Footwear
,Sparx Sandals (Men),sparx-sandals-men,Sparx Sandals (Men),129900,INR,4.3,https://pixabay.com/get/g0247687cc24c90b880f4cdf4e3d39118906ddb5e69774105544d605b66c64feeb7239bf14188761768a1984162b6cd9cc2d3e07bc4032e46af1b298b6bbc8005_1280.jpg|https://pixabay.com/get/g62f6dba874a53e2a9459880056b06009597adff2ee62089e43c9493f669956ff024ff39e981b704b3667439eec4ec64d5a421109a5883e7289f0bd9e80f36eb5_1280.jpg|https://pixabay.com/get/gc710bfbfa730357215566ba0d73858f67817cacd32666b294b542f53011f7639ac1dbf02b0e8a7ba0265050f8ae9d013aa7f4198210d59956ab3ae7bf63da6db_1280.jpg,73,Footwear
,Solid Wood Study Table (120cm),solid-wood-study-table-120cm,Solid Wood Study Table (120cm),749900,INR,4.4,https://pixabay.com/get/gd058fb1e70bc534a562b60ff75a325575fee01594cf84c2e9c38a724989aeec0bb84900bc7c1e4fbd5ee55caa5cbdd9b4f36e6615091a9e11d42ab0d603966f7_1280.jpg|https://pixabay.com/get/gd8cf7cf5910adaea89c0be7f11aa8907e9264f0ff02e187f0f7b60e748ba36fd7f5082fb0618f74ec3d03bcbf7eecb1c4c286310b134a764e2150d9ef021f990_1280.jpg|https://pixabay.com/get/g5599ddfaf2aee24b3b5c9abc51b4694e575589166a77cc30b8b3082618ebacd49800617a7f2b0540d1272ec3a7a1bd392729ea544b311c4ab028e29df2fbdfa2_1280.jpg,92,Furniture
,Ergonomic Office Chair (Mesh),ergonomic-office-chair-mesh,Ergonomic Office Chair (Mesh),649900,INR,4.5,https://pixabay.com/get/g767f88c06c8172bc11feb8e61cc3342cfb14f0f1fb550b34e03637f5012d76a4c52366aede856aba9f6291024990f2a6ed3100b0b52fa0a1180fcd6e6ccc7676_1280.jpg|https://pixabay.com/get/ge8f1e335f54697c851258d663d4c04824dc4beec9ffd9883a7582dcfcceb43405c2ce450aae407c2690daa104b836b06821cc45fe79eb0342d287c1b48e7c959_1280.jpg|https://pixabay.com/get/g06adf39acfbd7a41ad737dd9a662844e2b8a18c984678032708731a1d0703f93ec4396542100165bed19543dc0ba84a74bcd9a010e1c6180b3cdf91beb5608b1_1280.jpg,43,Furniture
,Bookshelf 5‑Tier (Engineered Wood),bookshelf-5-tier-engineered-wood,Bookshelf 5‑Tier (Engineered Wood),499900,INR,4.2,https://pixabay.com/get/g6d0419aeae19d159fb411764cd8089ead9c8e2ea0787dbca79841bff286caf8c45b8c891cae049483af0d4d4ae662755c83e5a723e250e0ab3b048b21faa3851_1280.jpg|https://pixabay.com/get/g438efbf7a615681a585af952a8734eb5d928789d2e80a235278deb51dabe434e0afd29cbd0792df778f4f26c4917d2224a8626bc0227e0416da4767fff771a26_1280.jpg|https://pixabay.com/get/g0d99fc5ffdff20d3e598dd444666eff141767ae08072c64a88a025ff1338f7364522984389b1e050d85b8538a5886e38f1c1852c22e954eaa4645d5046f085b1_1280.jpg,105,Furniture
,Bedside Table (2 Drawers),bedside-table-2-drawers,Bedside Table (2 Drawers),249900,INR,4.5,https://pixabay.com/get/gbc17244b299a811180702586aecbc0db7df4072091a5f6f677094a2f30411f6e85b8593b4be482d1b028c2b814876acd165f66f36522b90f0c0f456d4041350b_1280.jpg|https://pixabay.com/get/g339278e7c60e7fa8630345d2799e88362565d984b32da59b633dcb036c48bb21d43977cd34e5c2abdc62899008234633c0a8aeb87aa42c28f550d39fab594ffb_1280.jpg|https://pixabay.com/get/gd8a891524d7d134f41945ad29d3a68f4bba4d691e6c4d0c9835d97c9d2ab31564482792364c3da0ec6f33067ba46641b34f842f3a792dc9d3be9919e00908ef4_1280.jpg,43,Furniture
,"TV Unit (Up to 55"")",tv-unit-up-to-55,"TV Unit (Up to 55"")",699900,INR,4.7,https://pixabay.com/get/g6f85bb1e19e2625f6125c45a03b6888ee0e7a2b7e6c540a4c455c72d834d88a36b27e9e62debc6a80e1af5915fad12215fa48d180c865880660de7465e968416_1280.jpg|https://pixabay.com/get/g2d0541bc05d144b5f82537c7165df04184d0aec2ae7185a5b760119559f509e588585663427961ab97674133131084cafe3842445ef22b92e904d16dc6b760f5_1280.jpg|https://pixabay.com/get/g1d5d4fb487f6f7faec77b2a002861b9f4e15c85f6c2e3a0dd7af8ea575fa06f422cdffa9891cc1bec5ba87b0f29c23ba73ae9f7fbd5a54f7d62430b7bf5cce86_1280.jpg,64,Furniture
,Two‑Seater Fabric Sofa,two-seater-fabric-sofa,Two‑Seater Fabric Sofa,1499900,INR,4.8,https://pixabay.com/get/ge20d1061a92b423f2c242c4aeb87322550af307e6f1a472369541e345da6a373a1fe3dcbf21e94b61144707f9612a9b782cca337d16d0b83ebdd154cc1169155_1280.jpg|https://pixabay.com/get/g3dd5073038c41d68a0e2a3f96729bc907f32f7f0dff9cf09152c27f5cdfa1c70393adb0aa657b532ecfa92f2ba580a77e42999461c691aa8a3e013fe1bd1f3c0_1280.jpg|https://pixabay.com/get/g46d9607f39a4f6d719ac2507cac95de7ab86f80c1db099246fb94988c67d9a3874b73fe448fda2248ca0ea5258795bac8f4dd152fb22831fea050c2f20c45bc3_1280.png,61,Furniture
,Dining Table Set (4‑Seater),dining-table-set-4-seater,Dining Table Set (4‑Seater),1699900,INR,4.4,https://pixabay.com/get/g27afbd64494e418a431fce82be6c0f605138e73829bc0873dfc87eff5ac27098aa84e0338be4a3969caa34580d522b3ee81379708267cbe4bdb72c807d3da343_1280.jpg|https://pixabay.com/get/ga08b61077d4c0caabf69476766ace60b0d53378e5472c950b8299a2b5ef38c926252da21b925c3e4284adcbc14756459fa3526799189e8d25fc0fdf35fab65f5_1280.jpg|https://pixabay.com/get/gcf8ce77a4e2b9a8a73535f81eff64a81ea5c2845923365a880f74d726871b732307dc49d3e8714b55b07aaabf638e9b84d5cdd48cffd5b1cbe0531a562dd2f9a_1280.jpg,27,Furniture
,Corner Computer Desk (L‑Shaped),corner-computer-desk-l-shaped,Corner Computer Desk (L‑Shaped),799900,INR,4.5,https://pixabay.com/get/gd54adc01d3da3c5f087aab7f872f94e688929a2a1ec5821977f94f69d925b8eee6a01e8521d2600bda3fc322c2ec88afce079389359cf91270de9a518aa1e9c5_1280.jpg|https://pixabay.com/get/g75af37826d075e633eb8cb10586e256b31413ef2af2434cbca5a2a59c605f4ad886e91808b44640ab037959dfc628bda392531df85b475e547035a21cff044c1_1280.jpg|https://pixabay.com/get/g72fff1cd016ce8ebc22dc47ffe36449f25825df47a06dee5cfbba47783ab357f65a7b2e09771cdbc2dace2da868f7ce22c017fb8cd47c4989b0327d83012d92c_1280.jpg,21,Furniture
,Recliner Chair (Manual),recliner-chair-manual,Recliner Chair (Manual),1599900,INR,4.7,https://pixabay.com/get/g495f0f3ff161c0e055805712135db2001a61e4f16e218fde31bdb9e8be89abf4f469ea64b5bb296923e3c196f08bff25a01807714fc943ab1336b9173ba2397c_1280.jpg|https://pixabay.com/get/ge481bfcc5360f99516be05f927dc38ef77c07a95b557c8f83a4caa0c5a4207e859ac28db23872443864bc5380fb4023e6bd96149926c53c2add2ac91d53b487b_1280.jpg|https://pixabay.com/get/g800f7502879971a64c8d2aa4325945361c21448a3400848f7775c9576484d7cb0d37c557a21f543c306168dc4419f6ca95b84f15b0db691aa7e90084128c6ad8_1280.jpg,120,Furniture
,Shoe Rack (3 Shelves),shoe-rack-3-shelves,Shoe Rack (3 Shelves),239900,INR,4.2,https://pixabay.com/get/g2418a99439e26200f4bc3183b541c0a97083755f44f5592106a3a37ae12f20e63eb740706d03467b65c7ae05d9ea79c2c40adabd50fb63070e9b68f791be061e_1280.jpg|https://pixabay.com/get/g412735aacb7f881e2f81734f516eb6af3ad714b5f73292d9f5655c23ef9f353eec09e824805cde6f9400bd1623eb2e713464f183751e367a7a368b255a2bded7_1280.jpg|https://pixabay.com/get/g9ec121fbce4605b0536ca114187abbefce8f7eec7f811a837fbf7d9a94fd777b682bb97474419c3fa49a66567025e016c2dda8c43e58f94c59f4df30d0cd57c3_1280.jpg,90,Furniture
,Tri‑Ply Cookware Set (3‑pc),tri-ply-cookware-set-3-pc,Tri‑Ply Cookware Set (3‑pc),649900,INR,4.2,https://pixabay.com/get/g3e608e5d58ccbd2d194498a09ee132b14a17dc861561ada2b76a9eeac1d75ef937cf09a2ee41d2a9aaa4b298d3c66f3a52aa28675e5db05c6538d566a1904581_1280.jpg|https://pixabay.com/get/g8634a3423d6ef9f361e0c54dc1942bd011d51ba0641447ba3e5c4a6535f9fe7ad70dcc60676d7194f48e9afb1e24cff803e46bb966038f4d28dd5be975c3aea5_1280.jpg|https://pixabay.com/get/g998134177730d85d8f538a582da8adbf50ba0446e952fc8cd8bc8ba44bee464c6ff92ecfa9be62541b378b4c198b1f8001e8e5c3bc9f9a844c6ef097f0d0ceed_1280.jpg,97,Home
,Air Fryer (4L),air-fryer-4l,Air Fryer (4L),599900,INR,4.4,https://pixabay.com/get/g0ef8cf77eb012f948cf1cc119ded9e402f8bebb0f0f92a2e2f7a01d4f895eda57b7ceec3743d5f87463cd454df751607c4279b89e5cf9d53ff15fbcf0a1ac1b7_1280.jpg|https://pixabay.com/get/gf6ab08b152dd459f18b827b51ad6c3f58a34f70c66fd913f02bdd0a4e0754a7213ae61f9b9bc11b313bee537a7c971ca13b3d3fefa0c284a27beb5f6a8f890dd_1280.jpg|https://pixabay.com/get/g3229711894a9c8ae92d9522ec5c29d612b0dc21d7f9a2ff989fdd827457160e8fe25aef12c1620862683bf8fcb2afa39ecc3112202ec55dbef81524a28a9b480_1280.jpg,18,Home
,Vacuum Cleaner (1200W),vacuum-cleaner-1200w,Vacuum Cleaner (1200W),499900,INR,4.4,https://pixabay.com/get/gc7ceae7b4371c18890e22f4312e12b72c62924a6c0141e7650afef00904ef5e8bad3b7bcc83aecd7e67dc0488bb3ff62380eeaa65a732a730f98d4b187a2dd35_1280.jpg|https://pixabay.com/get/gee2ae9bf20bb017bf96e9af4c77bfb8cf9e5c434be326fe9b301f726145d4c0f07471e4a99a7db9e04f1874b5aa4ad6617965448e18df62945671166f1491679_1280.jpg|https://pixabay.com/get/g6368a7ef01b24fd25036e412faae94362ab785cbb2e6c660e8e46c4d2241e73db2b99cd22eec66e7782f0e68b2934cda7b4db680d98f108c6d1daa9c2c240057_1280.jpg,86,Home
,Dinner Set (18‑pc),dinner-set-18-pc,Dinner Set (18‑pc),299900,INR,4.9,https://pixabay.com/get/g2d2e57cbc97a950645b648f521e71e5b9b33cc705195493600b04d123fe029b539db926f0385363554e5f14e32b03fff9239f45d19ed9630b6c7d819dcfdf4f4_1280.jpg|https://pixabay.com/get/ge3b40d2c8923aabdf58f7a4022e41006bfe5c64c2deaefeacfc56f9ea3da356eb1bd6d245693c60bfb3f0ac796aafe0bf30c236d88c5831813af61a8bfd01616_1280.jpg|https://pixabay.com/get/g307a6a6282ffed1bbe9cbcf61b22914bf6a8871ec1903c5ff9cfee5e23fd213a2b3b814aa4337c79ee30fe92e477a77ee53cffb83204b02c452a7bfdf27acf5a_1280.jpg,77,Home
,Electric Kettle (1.8L),electric-kettle-1-8l,Electric Kettle (1.8L),149900,INR,4.3,https://pixabay.com/get/gc94275fc3601b8fb343e9142ca9f8caa5430657e5a6e71e42eb42e3d06783aa3d7a51fda344600f63363ed1d9e9ee594f11837b1d69c393be13d881dcf6996e3_1280.jpg|https://pixabay.com/get/ge1e9d6d1ebc08f8939b8a044fd909130931ab7222b575c8211f73397447b2635c5a88ca59dc49d4cc78d4d6bad4004e775c8079bab225e54c5e82b319cafe36a_1280.jpg|https://pixabay.com/get/g580dd7023c5fea7e362fe3a496496e288dec5a4a37d2f66be4b7e15398d6ab49f8700275abe9a40ead77184f8e44963737ed46597063a963b240ef4579a6589b_1280.jpg,80,Home
,LED Table Lamp (Warm White),led-table-lamp-warm-white,LED Table Lamp (Warm White),129900,INR,4.8,https://pixabay.com/get/g3e19b2a29201e1d1203df173d9fdd06403121323eca4aefc5cbb63a4869b3c94bf017aea74b119d9ff6f49f3aaf60252e6c56d9af12885160288f7115993d5f8_1280.jpg|https://pixabay.com/get/g13cfb35eb9634b5f48d0c8c199ea3385e97c94c8fee3be2c313dd1c9232dadf5de9855b8970af68c3228e6abf9ba0b6e2e17ea27cdce233395504ffc0059132c_1280.jpg|https://pixabay.com/get/g37470a0198fcb6d68d80514e74733ab99303e241c359057cf8c8f8112a1fda51fbafef8738d6df0e96271de64843c6e183d5550063efb92d1f1d150ad8e34769_1280.jpg,11,Home
,"Mixer Grinder (750W, 3 Jars)",mixer-grinder-750w-3-jars,"Mixer Grinder (750W, 3 Jars)",419900,INR,4.6,https://pixabay.com/get/g602df6ab19e774a178753e9937f7dab62f9839e5c10ce0ddb0599d026b9507c5bfbf897cc45205a20b55cc1aaa0a9aa97025b107cc6df9bf2961211ed666aa65_1280.jpg|https://pixabay.com/get/gbbe67f07bbcb7ed71ee4ab24cde81961ac12d1b74940d1d03c11a897a5b79b479642f5cf56ff69c7a5c067160d5bf4990f75dee49326cde20309549e97d56d64_1280.jpg|https://pixabay.com/get/g2541cfe36b50b357fc5d7a5e6824eeb71e135d836fe4b354bece61a70677d387fa080494a018709d6aa5c1526720a2ebee1bc134c27b87bb752380af88c145be_1280.jpg,24,Home
,Pressure Cooker (5L),pressure-cooker-5l,Pressure Cooker (5L),259900,INR,4.6,https://pixabay.com/get/gcd302235e9af98e654844ab09bec45d91249b06dc47c9f195965ffc6fcbb4b7687893bda6c418416d5b32f21de9fd169a249e378e5bf688d6a719c4bd95f641e_1280.jpg|https://pixabay.com/get/g8bbdf94f7eb93f673275eb4fcbb82c46ac58167e40dc2a68b7051d73bc8e48a9ae17f5bf633bee39a99e6d66b8a9674f8c967f6ed6891622a54400756598c65e_1280.jpg|https://pixabay.com/get/gc8ae0bb34edc6f0d4b8d97a8f8403ba1fce8f496fc128590f3c8e887e8223b6f9b40af4f19b5bd47a2cb57648618ecb35ab7f2be4cd13a619e77e0f80deb7432_1280.jpg,78,Home
,Storage Containers Set (10‑pc),storage-containers-set-10-pc,Storage Containers Set (10‑pc),119900,INR,4.7,https://pixabay.com/get/g53e0aeabcf7ee7fcc567b67dae536739557251a30ff10a410b9ee60becf2aa92401b93b13d9cff1c60a4b44b818e65018a35dba0c059492e79f6f0c69f9db6bb_1280.jpg|https://pixabay.com/get/g3b621c4462f8c269e758b682eec1ded1c34d039dd5a0d1f60b92f1636e0d0b4080c3fea9409587736030a2924a881c284881b64a93b70da1a4aab5d95e9f582b_1280.jpg|https://pixabay.com/get/gb7fd648c06b9bbfc1da661d5cda1894c03824550397e00fd215c3e0d9b86fc70bf4f6c00db401d5a21aeb9468a426b86dbb32919d4c334bfaa5efde842d01bc8_1280.jpg,108,Home
,Steam Iron (2000W),steam-iron-2000w,Steam Iron (2000W),189900,INR,4.6,https://pixabay.com/get/g6e83d845849bce4d5a82fbb4d0af85c2959392e53e58e654dd784d9868ae3795bf8963ae274eb5e9aec1093a88e86d2d435c2b9490d40f45e0350479c19482ed_1280.jpg|https://pixabay.com/get/gb9f997dfeb9c08dc4184f2b8a18bcaae04d3fd2330383368a8a3bc687e4c26c9342855bd3422946e41d9e77b8fcbe6309a28e352e94780c4df228f2f6e7924c9_1280.jpg|https://pixabay.com/get/g8c11ca1a962ae4275ec4ad7f3a1e803b175322e7412cda8fda51fcc11b278389046a7578b0336120812cc7fb768dae3fec515105d95ef52ab1ad0060b757902a_1280.png,24,Home
,Camping Tent (3‑Person),camping-tent-3-person,Camping Tent (3‑Person),599900,INR,4.3,https://pixabay.com/get/g04cc680659498b37b442374d22060ea8032c9f50882d43e204206e901f55189baa52e9c41eff16ebbbd5fedbf6a89ca5660daa8cd88c5dc6b7abc03c7310a077_1280.jpg|https://pixabay.com/get/g95e941e37563c127ad4f19ef3c43ec23ccd3959c631bbcd724f01e3e001db6c4b763f22e14b271106a75c0fd2e768e2b169f9415cc9e917a419667a86ec78a58_1280.jpg|https://pixabay.com/get/g1b0544dd6e5686dc26272eab17506520b9c80612c7732b7e371a5869dab46cd94779224b5408b6dfd37c6cec3545cf679dddf7d58cac6ef046034557df8de6ee_1280.jpg,30,Outdoors
,Hiking Backpack (40L),hiking-backpack-40l,Hiking Backpack (40L),249900,INR,4.5,https://pixabay.com/get/g7b744d213fd1b646b79e4c000685d9a7effe08cca37a4d87a7a8e74d48862b154c3429eda060edfd960ef41569a7198d54926f141820a2e15a0265100177ab6c_1280.jpg|https://pixabay.com/get/g9466cee84d5bca4b61b93917c21542dd448c0046667f68403925ca4c1fa993aaf5c2dd761e05e0e890d0340950a76c07f95cc1ed5718fc153a1ea7318e3de3dc_1280.jpg|https://pixabay.com/get/gd374a927ff303ba2b84841b91cff3cde65a672940943c4f3cf08915508ddd6f20ba14c133c567bf664e6e675546e889e72271a989c74b9c6d6e85f4a0bf3b21b_1280.jpg,102,Outdoors
,Sleeping Bag (-5°C),sleeping-bag-5-c,Sleeping Bag (-5°C),329900,INR,4.8,https://pixabay.com/get/g81469f1030dc91a058042e34bd994a85ad463cf49bc150abed6919ec0bc1a421b8fc9b912ccd26254f930703287e8e0f3e8e172311ce7401f8a063911f51eac3_1280.jpg|https://pixabay.com/get/gb035761202a7f505e6128411101b8619fe114f7f4358c46d8c0f095c0360a30fdfa3f2e110da034b2445fdf752be8ec2a70d76842fc50717f2ff2622702127e9_1280.jpg|https://pixabay.com/get/gf5961aae9710359882f686ab3d330d28cb3e4417cd9954a26849fd30c0d09983140b60c2400af4a13645e4934b32666fd3b12f1954aa7c1c085c60f479ca1202_1280.jpg,43,Outdoors
,Portable Gas Stove,portable-gas-stove,Portable Gas Stove,179900,INR,4.9,https://pixabay.com/get/g7776d167a78a9c5e120bcae5a76120b281802b076bde2aa17df95ccae5d6aadbc099a864231d061bbcff80330a4599875e7be12a5d45a74b9d58e4584b4e72e3_1280.jpg|https://pixabay.com/get/g72d31bebb0d5b7a6c562a38bb4a7df581a80171e0e302fd1f7a730030e75c91f7342a4acf3777845d1898f217574a14afdb3be5279fbfe01d0b7a7b7a8fbc4f1_1280.jpg|https://pixabay.com/get/gb13fc568c3e49f4e2b84fc90a4ff261e1c442f1ce05ddf00a499200638a6cb189152a0e7084d89684b4f790289ec7ef5b3a71b384ff9542f00c18035ae00e878_1280.jpg,107,Outdoors
,Stainless Steel Water Bottle (1L),stainless-steel-water-bottle-1l,Stainless Steel Water Bottle (1L),79900,INR,4.2,https://pixabay.com/get/g211d2f3676b9dd9c3968b55c2bdf8507cc513e6654183e12cf8c04a742f0437a0d8a5aa18cdbc7ed1299cbbc1afe20d47a70041484eb5d3b4a33e2227a9810f5_1280.jpg|https://pixabay.com/get/g5bb9f35551e9f52a458f8f6e32e70ca9be06cc5d20a8184cc11722935156d9524d89f603c75c10b5f000e992700e9bdfe5e9860013d30f9e57b306a1dc2d8524_1280.jpg|https://pixabay.com/get/g9546a2f0ec484758cf996595253128aee31e99bb94e318f15d67c27098b4fce9dd683c967a99bd094097c8cd927353cf30f0ab1074f9dbf956ace538b23d3228_1280.jpg,23,Outdoors
,LED Headlamp (300‑lm),led-headlamp-300-lm,LED Headlamp (300‑lm),89900,INR,4.8,https://pixabay.com/get/g7a09f40f2c07e0287b0c3a89972ff0f804008c64cc252da8ac09f56a59b00e9bcea409b590c45930bcf0146c398d6dccd22ac3e945d21f837b5429bad3658860_1280.jpg|https://pixabay.com/get/g99853af54ab8032c716b6ada35e065bf8e0245db149cae82b3d1cae84ffa5486559f3173bece91e45769d32b038a9867a1da084b58cdee4ed1a0d13ae0075668_1280.jpg|https://pixabay.com/get/gf7e50c125d6170bfa9bdb6e2795d1377f519ef20d18873b1968f74d4f868992e7604c6b04c2acb2d1161a42ab16e6bc57396cb25ce1eee24d7580e54955c9af0_1280.jpg,48,Outdoors
,Trekking Poles (Pair),trekking-poles-pair,Trekking Poles (Pair),179900,INR,4.8,https://pixabay.com/get/g5288de4ef3b5cb42caba40f020ad6b1069e2f47edfb97888b38367eaa4e155712757517bbe0622aeb2360b2e071bc87994a5a000ddc3ac87c4394b5e98a4447a_1280.jpg|https://pixabay.com/get/g2159d373baae584df3050c7eaf89f6f2c9afec90eee12a2f714047cc02ace2f017b7cb86fe725d8c363ad48a95f815cfa5ae9b640d1022d5fb17ca90e0a2d0d6_1280.jpg|https://pixabay.com/get/g81b0cfc1fb5ef0b5cf9a2cddeb2b3ef3f2e8636ec1556e3d8e64e5b0aba42c6a003398e654d02c6f94caa50baeb6dcee91022785fd0a8ebab874ec32f20457b3_1280.jpg,74,Outdoors
,Camping Chair (Foldable),camping-chair-foldable,Camping Chair (Foldable),149900,INR,4.6,https://pixabay.com/get/gdae073b50c78b9db8df6438317fcb25a5c2016c0a1a1a2fbcb92e9e8c9b65e3033cd038f92fbe0185a3be8f1a64c998443f5391c66e6141b300646d3bdd1352d_1280.jpg|https://pixabay.com/get/ga631767ca27a0c089bb8c2aa1715bfb92888718eb2feadb84996bf06f4dc684d05942c9b1790afbbe4469aa3fc15c7ed066dbe6ee01d290859c7488fa925e609_1280.jpg|https://pixabay.com/get/g6dd1f0512181f952b2a94ae57524f082f23dfcae8b1d2afeebb83ca81d4a6820fa4b3c590d215aa64bea6bbb3acd5ceec983f5e2f15116e5e839a3b3440a668a_1280.jpg,29,Outdoors
,Picnic Mat (Waterproof),picnic-mat-waterproof,Picnic Mat (Waterproof),89900,INR,4.4,https://pixabay.com/get/g33f17c00b40e03954f9b20c1bba7771f690c844b9605d699b4f5e752e1225bd26fe23363ebe13619fb6cb90448230cbe8e1c4c7f764e7c9a70aa2d661226b48e_1280.jpg|https://pixabay.com/get/g3a1ef254343f2160a8f60393ff129babf9ce6068d8c6bb1e00a8054e4266098b966ddb44c2ece46c46a478d4a90078f5645c5f501195356b9f01f3f05db8342e_1280.jpg|https://pixabay.com/get/g8f741dc5b310dd7407dcfbe8d5d3c441671de69c7e8c8a6f096b3b2ad3271dc99757a584983d11c73f320a7998eb7c15758114a9db0d3c76bc6449f5995d433d_1280.jpg,30,Outdoors
,Rain Jacket (Waterproof),rain-jacket-waterproof,Rain Jacket (Waterproof),249900,INR,4.5,https://pixabay.com/get/g129f0dd687e7be8e56f05efb2c1ae0b493c016f0902f5515c5d4d00e939731a231881d0ff191fb5c488810576198ed9f2676f1991da5896374314165b4db0f3e_1280.jpg|https://pixabay.com/get/g56b7c3b93a601f4679b392e89fcc4dc9d51ca7ea21133f69e36d4454529869a18c7a4bc635e76c483f8e08b20006a0557d1029d74053829d9b741a036531bebf_1280.jpg|https://pixabay.com/get/g310a0392c8c71f843cf19f7eab166bfb41f30acdbe209fc64348a6c0a3a2ea5d4d31f7ace3181c2154e5bbc050df400d77cd91074588d1b9aea1584849507a3d_1280.jpg,109,Outdoors
,LEGO Classic Creative Bricks (500 pcs),lego-classic-creative-bricks-500-pcs,LEGO Classic Creative Bricks (500 pcs),449900,INR,4.8,https://pixabay.com/get/g6e22bece627122b34deb91066f8d0f7ff87c331b976e3cedb013294e9c30fb1f1f5244c64e59a60c0032eb8414ca41e41a9532be6515b395f111354ba636b2e3_1280.jpg|https://pixabay.com/get/gc1566aac71db0fec8d31481f44cde18c785c2addb530f6264d5ee4d5a3e8583550941f837dab75b3de4ba7dcfbf8f3c645a7888ce079c933c9086c1469193277_1280.jpg|https://pixabay.com/get/ge1becc939aff16294238b36a675e525a37e13cbf3e8bf92f66ee849f6eb5e8b3a259b49538d215606064c2e864aa002675359801b765069f6bc291c134c208a2_1280.jpg,10,Toys
,Hot Wheels 5‑Car Pack,hot-wheels-5-car-pack,Hot Wheels 5‑Car Pack,79900,INR,4.6,https://pixabay.com/get/g58f5bce3a81a7fc14bba3c90a1f8e9547bf3534f93d994746f30b44f9834ccf83faa7f74fe1e89aa173ed4b186ca6e525fb255566338dfddc579850aabdab27f_1280.jpg|https://pixabay.com/get/gd2d44bc0da5a6d8b9ffe361056b9cd2e9c39add91cbfa4018f3796caba7809fa5df73b1bf4d11ce34e3595b71ce22df96062c713bd8f5e7db981630ec7fd8093_1280.jpg|https://pixabay.com/get/g95767a42765446bbf035fef726c8018cb509f3083955607c90c20949d2aeebaf21d98abb6333710c9ff562190280bfd89982c2b37bdf7d21b69b64e2df75587e_1280.jpg,72,Toys
,Barbie Fashion Doll,barbie-fashion-doll,Barbie Fashion Doll,149900,INR,4.1,https://pixabay.com/get/gce18f5d6cca0175da70c24960397c2bf1410ad26b97edf48927f42bee86e8a75626e05265030d1326e98af7d3308bf5ef38d6d2d8db029248ce03ed09e1377a3_1280.jpg|https://pixabay.com/get/g2c75ed8675e8af4b7c3376f1bc2eff5224c67fa4ddee8c70d8df17c4abe218069b58ad95326c18ad755b5ce4e3f12552582604afce1ec56763ac941d2652e7eb_1280.jpg|https://pixabay.com/get/ga8734502277450610d3f745c0eabe548fe54d53a3181a8b9af8b9a4ca5fffce375447c0d1370f8d130970b402d13f112115bd59bfea86a8a23d309046a8b64ba_1280.jpg,56,Toys
,NERF Elite 2.0 Blaster,nerf-elite-2-0-blaster,NERF Elite 2.0 Blaster,229900,INR,4.8,https://pixabay.com/get/g464071701604b26bc05b25efccd07793d51a0c2df3d0aa2d86c8cc441da1f638c50e16059bd9e3aea52f837fba0b2f8ab0fb57b892e8f00238a238903a369e77_1280.jpg|https://pixabay.com/get/gdf5f9d35033cb4987c9d15ef034307bb5d1cbd8bdb00756d36e11e476e93eeb6c1b859e6af7d9d6121adf68be206d397aba20833cb7e5ea579f83181800559fc_1280.jpg|https://pixabay.com/get/g80e6ea8dd90be68d1a764bf859cb424e6f0b0e499b4dad07b7dfdf2d11fa9b9de34e89e01cec8422b366e731864b26355cc2046475057d2c2a760750055f9ccb_1280.jpg,116,Toys
,Remote Control Car (Rechargeable),remote-control-car-rechargeable,Remote Control Car (Rechargeable),199900,INR,4.7,https://pixabay.com/get/g3ccb6e0c4e58ab50e168b45f6176cee37054ef2c66675872ee8034328fa7855b5b0c8f6af181631b025a8682dc2d1e0414040119463b23dad082499d7ad912aa_1280.jpg|https://pixabay.com/get/g7fd02eef3653eb630adaf47fb0f46a5c3c88a8986d5ee2f6702a6016b6a8eceb6a2666d0bbbc4561f9761506d5c2a4afc415758dad73c2d9ff4bd1fde62ef5d7_1280.jpg|https://pixabay.com/get/gbdba7a0c1622ff3fa8054bef9f00db595ba9065b5efa9afd6f1fcee15ab04b2df137774345d33323caf449ceeaaf5bb319e5c1d36f17011d1ace4fa461f183c5_1280.jpg,40,Toys
,Rubik's Cube 3×3,rubik-s-cube-3-3,Rubik's Cube 3×3,39900,INR,4.1,https://pixabay.com/get/g95310df45bc30f29e40300d3db7a4defad79073985ee3cc01955bc3572a9ae750d68187ad658532bc5ec376429f608e7bcd4714a94ef666cbf80a046bb829486_1280.jpg|https://pixabay.com/get/g0b237bb2aa249b62df8a763764d2bcdb834ba0bf69a442352daf8675c0b491d69f056dc349a569acb5d6d6635ab9208d6752e59b9d98885b97c050b7a74c2fa3_1280.jpg|https://pixabay.com/get/g484b09a80a64b7eb8cc5176136e06c353b150e10f1391a048c5dacec669a3d16b2a1e231a24eddeb9b9aee009181fef2386dc9cc5d324189ff1b9409af95cf11_1280.jpg,82,Toys
,Play‑Doh Party Pack (10‑Tubs),play-doh-party-pack-10-tubs,Play‑Doh Party Pack (10‑Tubs),99900,INR,4.9,https://pixabay.com/get/g5c0de69832cc124cfdb1acb9dfa296ce99f83830e4dc17bb499d3e92ad57a80ff4b85a39a8d2202396fd74d933aa974774682a3fad3dfa4d424dc1b989259004_1280.jpg|https://pixabay.com/get/gacb90be4ffdcf952c7ef1037f64fd96f547ca5d669b8d61685e7641f4d05ee99e5100237b0d53ef64793206b5f258002e0cd0a8ff9aa6ec4b63ec5d36227cae2_1280.jpg|https://pixabay.com/get/ge18e5615896397ee40a49dd3a1c0b40bd3fe4db93181d694dbf47a5b5fca8384442d096c5c5c622a677f21053fca908f536cd680918997fbfa2b44ed455a598e_1280.png,20,Toys
,Jigsaw Puzzle (1000 pcs),jigsaw-puzzle-1000-pcs,Jigsaw Puzzle (1000 pcs),89900,INR,4.7,https://pixabay.com/get/g987147b921c94be9ba3657493f68e5943f3141f5e620ecc70a955c5c4683c6eb5da61bf93a17e1da1d3a03cdd7057262_1280.jpg|https://pixabay.com/get/g475096b03c2b555750f0083dc25ffdd7a9bae6deb526db5ed513440dac6105abc0c1e42d4396a19ab716885d4c756957_1280.jpg|https://pixabay.com/get/g4a5b457ba06de9518695637705fbe606b7525fd1c22fa5fbf30227f3a3972de0a48026af49aa923867ccf8e173ab1769e67a574966c2c74a4a585d98e143044e_1280.jpg,114,Toys
,Teddy Bear Plush (40cm),teddy-bear-plush-40cm,Teddy Bear Plush (40cm),119900,INR,4.2,https://pixabay.com/get/g819b2069ea56453ff6599bfc618994b5e9f5bc4129bec146a46b321e5e858cecdbc5ed64cafc305679ae9f0a89269a936b71bc3458caf1379f4e86d7807a8b66_1280.jpg|https://pixabay.com/get/g3c77a663c246ba9317538f5e6391b165c53050c945e11cef3614c60252a912214920733afb16ed32cf606b76a248b676bea7c01053a95923a5be34331986cffd_1280.jpg|https://pixabay.com/get/g44da24db70d478fdec7a07ccbd0c4421d4fe9f1641987d4de841f138e29551537753c3dd272d481e34f7313fb719ddaed3ebe1ee007b7341aa74b92dbdfebaea_1280.jpg,107,Toys
,UNO Card Game,uno-card-game,UNO Card Game,29900,INR,4.5,https://pixabay.com/get/gb128221b265118f7371d6ad53a2408f69aa36c4c72d47ee8cd1b11e1dd37944b3f76d1582d197473118e6f69ae7c1325b222d57bf9cb35f5d030b20a6d5b4d5d_1280.jpg|https://pixabay.com/get/g8154f7415f7cfde18f46038bac77780ea170f1f7e545b8eadc1432d0f820d456968f86b75c1b7cf570c9d87ac8f01f5c4aedd6779427fca9ce89c9edf90a200c_1280.jpg|https://pixabay.com/get/gc98296f6ef5e200c2abb5ed3cb0357f3899f1e4c5788c303fcd6984b3eae87a8c828896cf10489232bd4d724f502881a6e988733abaf44f1a2431993a1423ce3_1280.jpg,26,Toys